{
  "_fv": 28,
  "_type": "fluid",
  "definition": {
    "name": "Acid",
    "bucketName": "Acid Bucket",
    "textureStill": "acid",
    "textureFlowing": "acid",
    "tintType": "No tint",
    "canMultiply": true,
    "flowRate": 69,
    "levelDecrease": 1,
    "slopeFindDistance": 4,
    "spawnParticles": true,
    "dripParticle": {
      "value": "EXPLOSION_NORMAL"
    },
    "flowStrength": 1.0,
    "luminosity": 0,
    "density": 1000,
    "viscosity": 1000,
    "isGas": false,
    "temperature": 300,
    "type": "LAVA",
    "generateBucket": true,
    "textureBucket": "bucket_of_acid",
    "creativeTab": {
      "value": "CUSTOM:Endupdate"
    },
    "emptySound": {
      "value": "item.bucket.empty"
    },
    "rarity": "COMMON",
    "specialInfo": [],
    "resistance": 100.0,
    "luminance": 0,
    "lightOpacity": 0,
    "emissiveRendering": false,
    "tickRate": 10,
    "flammability": 0,
    "fireSpreadSpeed": 0,
    "colorOnMap": "DEFAULT",
    "frequencyOnChunks": 5,
    "spawnWorldTypes": [
      "End"
    ],
    "restrictionBiomes": []
  }
}