{
  "_fv": 28,
  "_type": "recipe",
  "definition": {
    "recipeType": "Crafting",
    "xpReward": 0.0,
    "cookingTime": 200,
    "recipeRetstackSize": 1,
    "group": "",
    "recipeShapeless": false,
    "recipeSlots": [
      {
        "value": "Items.IRON_INGOT"
      },
      {
        "value": "Items.NETHERITE_INGOT"
      },
      {
        "value": "Items.DIAMOND"
      },
      {
        "value": "Items.GOLD_INGOT"
      },
      {
        "value": "CUSTOM:Enderfruit"
      },
      {
        "value": "Items.COPPER_INGOT"
      },
      {
        "value": "CUSTOM:Enderite"
      },
      {
        "value": "Items.EMERALD"
      },
      {
        "value": "Items.REDSTONE"
      }
    ],
    "recipeReturnStack": {
      "value": "CUSTOM:Children420069"
    },
    "name": "coins",
    "namespace": "mod"
  }
}