{
  "_fv": 28,
  "_type": "biome",
  "definition": {
    "name": "Enderforest",
    "groundBlock": {
      "value": "Blocks.END_STONE"
    },
    "undergroundBlock": {
      "value": "Blocks.END_STONE"
    },
    "underwaterBlock": {
      "value": "Blocks.END_STONE"
    },
    "airColor": {
      "value": -16777216,
      "falpha": 0.0
    },
    "grassColor": {
      "value": -10092442,
      "falpha": 0.0
    },
    "ambientSound": {
      "value": ""
    },
    "additionsSound": {
      "value": ""
    },
    "music": {
      "value": ""
    },
    "moodSound": {
      "value": ""
    },
    "moodSoundDelay": 6000,
    "spawnParticles": false,
    "particleToSpawn": {
      "value": "EXPLOSION_NORMAL"
    },
    "particlesProbability": 0.5,
    "biomeCategory": "THEEND",
    "rainingPossibility": 0.5,
    "temperature": 0.5,
    "baseHeight": 0.1,
    "heightVariation": 0.2,
    "spawnBiome": false,
    "spawnBiomeNether": false,
    "spawnInCaves": false,
    "biomeWeight": 100,
    "biomeDictionaryTypes": [
      "VOID"
    ],
    "grassPerChunk": 80,
    "seagrassPerChunk": 0,
    "flowersPerChunk": 0,
    "mushroomsPerChunk": 0,
    "bigMushroomsChunk": 0,
    "sandPatchesPerChunk": 0,
    "gravelPatchesPerChunk": 0,
    "reedsPerChunk": 0,
    "cactiPerChunk": 0,
    "treesPerChunk": 5,
    "vanillaTreeType": "Default",
    "treeType": 1,
    "minHeight": 7,
    "treeStem": {
      "value": "CUSTOM:Enderwood"
    },
    "treeBranch": {
      "value": "CUSTOM:Enderle"
    },
    "treeVines": {
      "value": ""
    },
    "treeFruits": {
      "value": "Blocks.CHORUS_FLOWER"
    },
    "spawnStronghold": false,
    "spawnMineshaft": false,
    "spawnMineshaftMesa": false,
    "spawnPillagerOutpost": false,
    "villageType": "none",
    "spawnWoodlandMansion": false,
    "spawnJungleTemple": false,
    "spawnDesertPyramid": false,
    "spawnSwampHut": false,
    "spawnIgloo": false,
    "spawnOceanMonument": false,
    "spawnShipwreck": false,
    "spawnShipwreckBeached": false,
    "spawnBuriedTreasure": false,
    "oceanRuinType": "NONE",
    "spawnNetherBridge": false,
    "spawnNetherFossil": false,
    "spawnBastionRemnant": false,
    "spawnEndCity": true,
    "spawnRuinedPortal": "NONE",
    "defaultFeatures": [
      "Caves"
    ],
    "spawnEntries": [
      {
        "entity": {
          "value": "CUSTOM:Enderminion"
        },
        "minGroup": 4,
        "maxGroup": 4,
        "weight": 20,
        "spawnType": "monster"
      },
      {
        "entity": {
          "value": "EntityEnderman"
        },
        "minGroup": 4,
        "maxGroup": 4,
        "weight": 20,
        "spawnType": "monster"
      },
      {
        "entity": {
          "value": "EntityEndermite"
        },
        "minGroup": 4,
        "maxGroup": 4,
        "weight": 20,
        "spawnType": "monster"
      },
      {
        "entity": {
          "value": "EntityShulker"
        },
        "minGroup": 4,
        "maxGroup": 4,
        "weight": 20,
        "spawnType": "monster"
      }
    ]
  }
}