{
  "_fv": 28,
  "_type": "armor",
  "definition": {
    "enableHelmet": true,
    "textureHelmet": "enderite_helmet",
    "enableBody": true,
    "textureBody": "enderite_chestplate",
    "enableLeggings": true,
    "textureLeggings": "enderite_leggings",
    "enableBoots": true,
    "textureBoots": "enderite_boots",
    "creativeTab": {
      "value": "CUSTOM:Endupdate"
    },
    "armorTextureFile": "enderite",
    "helmetName": "Enderitearmour Helmet",
    "bodyName": "Enderitearmour Body",
    "leggingsName": "Enderitearmour Leggings",
    "bootsName": "Enderitearmour Boots",
    "helmetSpecialInfo": [],
    "bodySpecialInfo": [],
    "leggingsSpecialInfo": [],
    "bootsSpecialInfo": [],
    "helmetModelName": "Default",
    "helmetModelPart": "Helmet",
    "helmetModelTexture": "From armor",
    "bodyModelName": "Default",
    "bodyModelPart": "Body",
    "armsModelPartL": "Arms L",
    "armsModelPartR": "Arms R",
    "bodyModelTexture": "From armor",
    "leggingsModelName": "Default",
    "leggingsModelPartL": "Leggings L",
    "leggingsModelPartR": "Leggings R",
    "leggingsModelTexture": "From armor",
    "bootsModelName": "Default",
    "bootsModelPartL": "Boots L",
    "bootsModelPartR": "Boots R",
    "bootsModelTexture": "From armor",
    "helmetImmuneToFire": false,
    "bodyImmuneToFire": false,
    "leggingsImmuneToFire": false,
    "bootsImmuneToFire": false,
    "maxDamage": 25,
    "damageValueHelmet": 2,
    "damageValueBody": 6,
    "damageValueLeggings": 5,
    "damageValueBoots": 2,
    "enchantability": 9,
    "toughness": 3.5,
    "knockbackResistance": 0.4,
    "equipSound": {
      "value": "item.armor.equip_diamond"
    },
    "repairItems": [
      {
        "value": "CUSTOM:Enderite"
      }
    ]
  }
}