{
  "_fv": 28,
  "_type": "rangeditem",
  "definition": {
    "renderType": 0,
    "texture": "grassy_boy",
    "customModelName": "Normal",
    "name": "Endercannon",
    "specialInfo": [],
    "creativeTab": {
      "value": "COMBAT"
    },
    "stackSize": 1,
    "ammoItem": {
      "value": "Blocks.GRASS"
    },
    "shootConstantly": true,
    "usageCount": 100,
    "actionSound": {
      "value": "entity.arrow.shoot"
    },
    "hasGlow": false,
    "animation": "bow",
    "enableMeleeDamage": false,
    "damageVsEntity": 0.0,
    "bulletPower": 30.0,
    "bulletDamage": 690.0,
    "bulletKnockback": 1,
    "bulletParticles": true,
    "bulletIgnitesFire": true,
    "bulletItemTexture": {
      "value": "Blocks.GRASS"
    },
    "bulletModel": "Default",
    "customBulletModelTexture": ""
  }
}