{
  "_fv": 28,
  "_type": "tool",
  "definition": {
    "renderType": 0,
    "texture": "one_prickly_boi",
    "customModelName": "Normal",
    "name": "Enderiteaxe",
    "specialInfo": [],
    "creativeTab": {
      "value": "TOOLS"
    },
    "toolType": "Axe",
    "harvestLevel": 7,
    "efficiency": 15.0,
    "attackSpeed": 1.0,
    "enchantability": 15,
    "damageVsEntity": 10.0,
    "usageCount": 300,
    "blocksAffected": [],
    "hasGlow": false,
    "repairItems": [],
    "immuneToFire": true,
    "stayInGridWhenCrafting": false,
    "damageOnCrafting": false
  }
}