{
  "_fv": 28,
  "_type": "tool",
  "definition": {
    "renderType": 0,
    "texture": "jkdhf",
    "customModelName": "Normal",
    "name": "Enderitepickaxe",
    "specialInfo": [],
    "creativeTab": {
      "value": "CUSTOM:Endupdate"
    },
    "toolType": "Pickaxe",
    "harvestLevel": 7,
    "efficiency": 11.0,
    "attackSpeed": 1.0,
    "enchantability": 10,
    "damageVsEntity": 7.0,
    "usageCount": 300,
    "blocksAffected": [],
    "hasGlow": false,
    "repairItems": [],
    "immuneToFire": true,
    "stayInGridWhenCrafting": false,
    "damageOnCrafting": false
  }
}