{
  "_fv": 28,
  "_type": "recipe",
  "definition": {
    "recipeType": "Smithing",
    "xpReward": 0.0,
    "cookingTime": 200,
    "recipeRetstackSize": 1,
    "group": "enderite_boots",
    "recipeShapeless": false,
    "smithingInputStack": {
      "value": "Items.NETHERITE_BOOTS"
    },
    "smithingInputAdditionStack": {
      "value": "CUSTOM:Enderite"
    },
    "smithingReturnStack": {
      "value": "CUSTOM:Enderitearmour.boots"
    },
    "name": "enderiteboots",
    "namespace": "mod"
  }
}