{
  "_fv": 28,
  "_type": "tool",
  "definition": {
    "renderType": 0,
    "texture": "enderite_blade",
    "customModelName": "Normal",
    "name": "Enderitesword",
    "specialInfo": [],
    "creativeTab": {
      "value": "CUSTOM:Endupdate"
    },
    "toolType": "Sword",
    "harvestLevel": 1,
    "efficiency": 0.5,
    "attackSpeed": 4.0,
    "enchantability": 9,
    "damageVsEntity": 9.0,
    "usageCount": 200,
    "blocksAffected": [],
    "hasGlow": true,
    "repairItems": [
      {
        "value": "CUSTOM:Enderite"
      }
    ],
    "immuneToFire": true,
    "stayInGridWhenCrafting": false,
    "damageOnCrafting": false
  }
}