{
  "_fv": 28,
  "_type": "rangeditem",
  "definition": {
    "renderType": 0,
    "texture": "ender_bow",
    "customModelName": "Normal",
    "name": "enderite bow",
    "specialInfo": [],
    "creativeTab": {
      "value": "CUSTOM:Endupdate"
    },
    "stackSize": 1,
    "ammoItem": {
      "value": "CUSTOM:Enderarrow"
    },
    "shootConstantly": false,
    "usageCount": 100,
    "actionSound": {
      "value": "entity.arrow.shoot"
    },
    "hasGlow": false,
    "animation": "bow",
    "enableMeleeDamage": true,
    "damageVsEntity": 2.3,
    "bulletPower": 3.0,
    "bulletDamage": 6.0,
    "bulletKnockback": 7,
    "bulletParticles": true,
    "bulletIgnitesFire": true,
    "bulletItemTexture": {
      "value": "CUSTOM:Enderarrow"
    },
    "bulletModel": "Default",
    "customBulletModelTexture": "endarrow.png"
  }
}