{
  "_fv": 28,
  "_type": "tool",
  "definition": {
    "renderType": 0,
    "texture": "bakedhoe",
    "customModelName": "Normal",
    "name": "Backedhoe",
    "specialInfo": [],
    "creativeTab": {
      "value": "CUSTOM:Bakedbenez"
    },
    "toolType": "Sword",
    "harvestLevel": 1,
    "efficiency": 4.0,
    "attackSpeed": 24.3,
    "enchantability": 2,
    "damageVsEntity": 42.7,
    "usageCount": 100,
    "blocksAffected": [],
    "hasGlow": false,
    "repairItems": [],
    "immuneToFire": false,
    "stayInGridWhenCrafting": false,
    "damageOnCrafting": false
  }
}