{
  "_fv": 28,
  "_type": "recipe",
  "definition": {
    "recipeType": "Crafting",
    "xpReward": 0.0,
    "cookingTime": 200,
    "recipeRetstackSize": 1,
    "group": "",
    "recipeShapeless": false,
    "recipeSlots": [
      {
        "value": "CUSTOM:Been"
      },
      {
        "value": "CUSTOM:Been"
      },
      {
        "value": "CUSTOM:Been"
      },
      {
        "value": "CUSTOM:Been"
      },
      {
        "value": ""
      },
      {
        "value": "CUSTOM:Been"
      },
      {
        "value": "CUSTOM:Been"
      },
      {
        "value": ""
      },
      {
        "value": "CUSTOM:Been"
      }
    ],
    "recipeReturnStack": {
      "value": "CUSTOM:Bakcedarmour.legs"
    },
    "name": "bakedpants",
    "namespace": "mod"
  }
}