{
  "_fv": 24,
  "_type": "achievement",
  "definition": {
    "achievementName": "Better Than Nothing",
    "achievementDescription": "Better than raw spectral chicken",
    "achievementIcon": {
      "value": "CUSTOM:CookedSpectalChicken"
    },
    "background": "Default",
    "disableDisplay": false,
    "showPopup": true,
    "announceToChat": true,
    "hideIfNotCompleted": false,
    "rewardLoot": [],
    "rewardRecipes": [],
    "rewardFunction": "No function",
    "rewardXP": 1,
    "achievementType": "task",
    "parent": {
      "value": "CUSTOM:ThatsNoChicken"
    },
    "triggerxml": "<xml xmlns=\"https://developers.google.com/blockly/xml\"><block type=\"item_consumed\" x=\"139\" y=\"140\"><value name=\"item\"><block type=\"mcitem_all\"><field name=\"value\">CUSTOM:CookedSpectalChicken</field></block></value><next><block type=\"advancement_trigger\" deletable=\"false\"></block></next></block></xml>"
  }
}