{
  "_fv": 24,
  "_type": "food",
  "definition": {
    "renderType": 0,
    "texture": "cookedpecchick",
    "customModelName": "Normal",
    "name": "Cooked Spectral Chicken",
    "rarity": "EPIC",
    "specialInfo": [],
    "creativeTab": {
      "value": "CUSTOM:LostFood"
    },
    "stackSize": 64,
    "nutritionalValue": 13,
    "saturation": 2.9,
    "eatingSpeed": 32,
    "resultItem": {
      "value": ""
    },
    "forDogs": true,
    "isAlwaysEdible": false,
    "animation": "eat",
    "hasGlow": false
  }
}