{
  "_fv": 24,
  "_type": "biome",
  "definition": {
    "name": "Lost Forest",
    "groundBlock": {
      "value": "Blocks.GRASS"
    },
    "undergroundBlock": {
      "value": "Blocks.DIRT#0"
    },
    "airColor": {
      "value": -14349814,
      "falpha": 0.0
    },
    "grassColor": {
      "value": -16050426,
      "falpha": 0.0
    },
    "foliageColor": {
      "value": -15846910,
      "falpha": 0.0
    },
    "waterColor": {
      "value": -16580046,
      "falpha": 0.0
    },
    "waterFogColor": {
      "value": -15724722,
      "falpha": 0.0
    },
    "ambientSound": {
      "value": "ambient.soul_sand_valley.mood"
    },
    "additionsSound": {
      "value": "ambient.basalt_deltas.additions"
    },
    "music": {
      "value": "ambient.cave"
    },
    "moodSound": {
      "value": "ambient.crimson_forest.mood"
    },
    "moodSoundDelay": 6000,
    "spawnParticles": false,
    "particleToSpawn": {
      "value": "EXPLOSION_NORMAL"
    },
    "particlesProbability": 0.5,
    "biomeCategory": "NONE",
    "parent": {
      "value": "No parent"
    },
    "rainingPossibility": 0.5,
    "temperature": 0.5,
    "baseHeight": 0.1,
    "heightVariation": 0.1,
    "biomeType": "COOL",
    "spawnBiome": false,
    "biomeWeight": 5,
    "biomeDictionaryTypes": [],
    "grassPerChunk": 4,
    "seagrassPerChunk": 0,
    "flowersPerChunk": 4,
    "mushroomsPerChunk": 0,
    "bigMushroomsChunk": 0,
    "sandPatchesPerChunk": 0,
    "gravelPatchesPerChunk": 0,
    "reedsPerChunk": 0,
    "cactiPerChunk": 0,
    "treesPerChunk": 1,
    "vanillaTreeType": "Default",
    "treeType": 0,
    "minHeight": 7,
    "maxWaterDepth": 0,
    "treeStem": {
      "value": ""
    },
    "treeBranch": {
      "value": ""
    },
    "treeVines": {
      "value": ""
    },
    "treeFruits": {
      "value": ""
    },
    "spawnStronghold": false,
    "spawnMineshaft": false,
    "spawnPillagerOutpost": false,
    "villageType": "none",
    "spawnWoodlandMansion": false,
    "spawnJungleTemple": false,
    "spawnDesertPyramid": false,
    "spawnIgloo": false,
    "spawnOceanMonument": false,
    "spawnShipwreck": false,
    "oceanRuinType": "NONE",
    "defaultFeatures": [
      "Caves",
      "Ores",
      "FrozenTopLayer"
    ],
    "spawnEntries": [
      {
        "entity": {
          "value": "CUSTOM:LostSoul"
        },
        "minGroup": 1,
        "maxGroup": 1,
        "weight": 3,
        "spawnType": "creature"
      }
    ]
  }
}