{
  "_fv": 24,
  "_type": "biome",
  "definition": {
    "name": "Lost Desert",
    "groundBlock": {
      "value": "Blocks.SAND#1"
    },
    "undergroundBlock": {
      "value": "Blocks.RED_SANDSTONE#0"
    },
    "airColor": {
      "value": -3360880,
      "falpha": 0.0
    },
    "grassColor": {
      "value": -3360880,
      "falpha": 0.0
    },
    "foliageColor": {
      "value": -9548272,
      "falpha": 0.0
    },
    "waterColor": {
      "value": -15721677,
      "falpha": 0.0
    },
    "waterFogColor": {
      "value": -14337689,
      "falpha": 0.0
    },
    "ambientSound": {
      "value": "ambient.nether_wastes.additions"
    },
    "additionsSound": {
      "value": "ambient.crimson_forest.additions"
    },
    "music": {
      "value": "ambient.cave"
    },
    "moodSound": {
      "value": "ambient.soul_sand_valley.mood"
    },
    "moodSoundDelay": 6000,
    "spawnParticles": false,
    "particleToSpawn": {
      "value": "EXPLOSION_NORMAL"
    },
    "particlesProbability": 0.5,
    "biomeCategory": "NONE",
    "parent": {
      "value": "No parent"
    },
    "rainingPossibility": 0.5,
    "temperature": 0.5,
    "baseHeight": 0.1,
    "heightVariation": 0.2,
    "biomeType": "DESERT",
    "spawnBiome": false,
    "biomeWeight": 5,
    "biomeDictionaryTypes": [],
    "grassPerChunk": 1,
    "seagrassPerChunk": 0,
    "flowersPerChunk": 0,
    "mushroomsPerChunk": 0,
    "bigMushroomsChunk": 0,
    "sandPatchesPerChunk": 0,
    "gravelPatchesPerChunk": 0,
    "reedsPerChunk": 0,
    "cactiPerChunk": 0,
    "treesPerChunk": 0,
    "vanillaTreeType": "Savanna trees",
    "treeType": 0,
    "minHeight": 7,
    "maxWaterDepth": 0,
    "treeStem": {
      "value": ""
    },
    "treeBranch": {
      "value": ""
    },
    "treeVines": {
      "value": ""
    },
    "treeFruits": {
      "value": ""
    },
    "spawnStronghold": false,
    "spawnMineshaft": false,
    "spawnPillagerOutpost": false,
    "villageType": "none",
    "spawnWoodlandMansion": false,
    "spawnJungleTemple": false,
    "spawnDesertPyramid": false,
    "spawnIgloo": false,
    "spawnOceanMonument": false,
    "spawnShipwreck": false,
    "oceanRuinType": "NONE",
    "defaultFeatures": [
      "Caves",
      "Ores",
      "FrozenTopLayer"
    ],
    "spawnEntries": [
      {
        "entity": {
          "value": "CUSTOM:LostSoul"
        },
        "minGroup": 1,
        "maxGroup": 1,
        "weight": 5,
        "spawnType": "creature"
      }
    ]
  }
}