{
  "_fv": 24,
  "_type": "dimension",
  "definition": {
    "biomesInDimension": [
      {
        "value": "CUSTOM:LostForest"
      },
      {
        "value": "CUSTOM:LostDesert"
      }
    ],
    "worldGenType": "Normal world gen",
    "mainFillerBlock": {
      "value": "Blocks.GRASS"
    },
    "fluidBlock": {
      "value": "Blocks.DIRT#0"
    },
    "airColor": {
      "value": -13498617,
      "falpha": 0.0
    },
    "canRespawnHere": true,
    "hasFog": true,
    "isDark": false,
    "doesWaterVaporize": false,
    "sleepResult": "ALLOW",
    "hasSkyLight": false,
    "imitateOverworldBehaviour": true,
    "portalFrame": {
      "value": "Blocks.SHROOMLIGHT"
    },
    "portalParticles": {
      "value": "CRIT_MAGIC"
    },
    "portalLuminance": 2,
    "portalSound": {
      "value": "ambient.basalt_deltas.mood"
    },
    "igniterName": "Mirror World Portal Igniter",
    "igniterTab": {
      "value": "TOOLS"
    },
    "texture": "mirrorworldigniter",
    "portalTexture": "portal",
    "enablePortal": true
  }
}