{
  "_fv": 24,
  "_type": "achievement",
  "definition": {
    "achievementName": "New World",
    "achievementDescription": "Who knew",
    "achievementIcon": {
      "value": "Blocks.SAND#1"
    },
    "background": "Default",
    "disableDisplay": false,
    "showPopup": true,
    "announceToChat": true,
    "hideIfNotCompleted": false,
    "rewardLoot": [],
    "rewardRecipes": [],
    "rewardFunction": "No function",
    "rewardXP": 1,
    "achievementType": "goal",
    "parent": {
      "value": "CUSTOM:Unknown"
    },
    "triggerxml": "<xml xmlns=\"https://developers.google.com/blockly/xml\"><block type=\"biome_entered\" x=\"30\" y=\"45\"><field name=\"biome\">CUSTOM:LostDesert</field><next><block type=\"advancement_trigger\" deletable=\"false\"></block></next></block></xml>"
  }
}