{
  "_fv": 24,
  "_type": "food",
  "definition": {
    "renderType": 0,
    "texture": "rawspecchick",
    "customModelName": "Normal",
    "name": "Raw Spectral Chicken",
    "rarity": "RARE",
    "specialInfo": [],
    "creativeTab": {
      "value": "CUSTOM:LostFood"
    },
    "stackSize": 64,
    "nutritionalValue": 7,
    "saturation": 1.7999999999999998,
    "eatingSpeed": 32,
    "resultItem": {
      "value": ""
    },
    "forDogs": true,
    "isAlwaysEdible": false,
    "animation": "eat",
    "hasGlow": false,
    "onEaten": {
      "name": "RawSpectalChickenFoodEaten"
    }
  }
}