{
  "_fv": 24,
  "_type": "rangeditem",
  "definition": {
    "renderType": 0,
    "texture": "soulbow",
    "customModelName": "Normal",
    "name": "Soul Bow",
    "specialInfo": [
      "the bow of lost sowls"
    ],
    "creativeTab": {
      "value": "COMBAT"
    },
    "stackSize": 1,
    "ammoItem": {
      "value": "CUSTOM:SpectralBone"
    },
    "shootConstantly": false,
    "usageCount": 98775,
    "actionSound": {
      "value": "entity.arrow.shoot"
    },
    "hasGlow": false,
    "animation": "bow",
    "enableMeleeDamage": false,
    "damageVsEntity": 0.0,
    "bulletPower": 3.0,
    "bulletDamage": 9.0,
    "bulletKnockback": 2,
    "bulletParticles": true,
    "bulletIgnitesFire": true,
    "bulletItemTexture": {
      "value": "Blocks.SOUL_FIRE"
    },
    "bulletModel": "Default",
    "customBulletModelTexture": ""
  }
}