{
  "_fv": 24,
  "_type": "recipe",
  "definition": {
    "recipeType": "Crafting",
    "xpReward": 0.0,
    "cookingTime": 200,
    "recipeRetstackSize": 1,
    "group": "",
    "recipeShapeless": false,
    "recipeSlots": [
      {
        "value": ""
      },
      {
        "value": "CUSTOM:SpectralBone"
      },
      {
        "value": "Items.STRING"
      },
      {
        "value": "Items.BOW"
      },
      {
        "value": ""
      },
      {
        "value": "Items.STRING"
      },
      {
        "value": ""
      },
      {
        "value": "CUSTOM:SpectralBone"
      },
      {
        "value": "Items.STRING"
      }
    ],
    "recipeReturnStack": {
      "value": "CUSTOM:SoulBow"
    },
    "name": "soul_bow_recipe",
    "namespace": "mod"
  }
}