{
  "_fv": 24,
  "_type": "achievement",
  "definition": {
    "achievementName": "Thats No Chicken",
    "achievementDescription": "Eat spectral chicken",
    "achievementIcon": {
      "value": "CUSTOM:RawSpectalChicken"
    },
    "background": "Default",
    "disableDisplay": false,
    "showPopup": true,
    "announceToChat": true,
    "hideIfNotCompleted": false,
    "rewardLoot": [],
    "rewardRecipes": [],
    "rewardFunction": "No function",
    "rewardXP": 1,
    "achievementType": "goal",
    "parent": {
      "value": "CUSTOM:Unknown"
    },
    "triggerxml": "<xml xmlns=\"https://developers.google.com/blockly/xml\"><block type=\"item_consumed\" x=\"102\" y=\"152\"><value name=\"item\"><block type=\"mcitem_all\"><field name=\"value\">CUSTOM:RawSpectalChicken</field></block></value><next><block type=\"advancement_trigger\" deletable=\"false\"></block></next></block></xml>"
  }
}