{
  "_fv": 24,
  "_type": "achievement",
  "definition": {
    "achievementName": "Un-known",
    "achievementDescription": "?",
    "achievementIcon": {
      "value": "CUSTOM:MirrorWorld"
    },
    "background": "Default",
    "disableDisplay": false,
    "showPopup": true,
    "announceToChat": true,
    "hideIfNotCompleted": false,
    "rewardLoot": [],
    "rewardRecipes": [],
    "rewardFunction": "No function",
    "rewardXP": 1,
    "achievementType": "challenge",
    "parent": {
      "value": "No parent: root"
    },
    "triggerxml": "<xml xmlns=\"https://developers.google.com/blockly/xml\"><block type=\"dimension_entered\" x=\"48\" y=\"52\"><field name=\"dimension\">CUSTOM:MirrorWorld</field><next><block type=\"advancement_trigger\" deletable=\"false\"></block></next></block></xml>"
  }
}