{
  "_fv": 28,
  "_type": "dimension",
  "definition": {
    "biomesInDimension": [
      {
        "value": "plains"
      }
    ],
    "worldGenType": "End like gen",
    "mainFillerBlock": {
      "value": "Blocks.WOOL#0"
    },
    "fluidBlock": {
      "value": "Blocks.VOID_AIR"
    },
    "airColor": {
      "value": -1,
      "falpha": 0.0
    },
    "canRespawnHere": false,
    "hasFog": true,
    "isDark": false,
    "doesWaterVaporize": false,
    "sleepResult": "ALLOW",
    "hasSkyLight": true,
    "imitateOverworldBehaviour": false,
    "portalFrame": {
      "value": "Blocks.GLOWSTONE"
    },
    "portalParticles": {
      "value": "SPIT"
    },
    "portalLuminance": 0,
    "portalSound": {
      "value": "block.portal.ambient"
    },
    "igniterName": "Aether Portal Igniter",
    "igniterTab": {
      "value": "CUSTOM:Mymod"
    },
    "texture": "aetherlighter",
    "portalTexture": "aetherportalstuff",
    "enablePortal": true
  }
}