{
  "_fv": 28,
  "_type": "armor",
  "definition": {
    "enableHelmet": true,
    "textureHelmet": "amethysthelmet",
    "enableBody": true,
    "textureBody": "amethystchestplate",
    "enableLeggings": true,
    "textureLeggings": "amethystleggings",
    "enableBoots": true,
    "textureBoots": "amethystboots",
    "creativeTab": {
      "value": "TOOLS"
    },
    "armorTextureFile": "amethystarmour",
    "helmetName": "Amethyst Helmet",
    "bodyName": "Amethyst chestplate",
    "leggingsName": "Amethyst Leggings",
    "bootsName": "Amethyst Boots",
    "helmetSpecialInfo": [],
    "bodySpecialInfo": [],
    "leggingsSpecialInfo": [],
    "bootsSpecialInfo": [],
    "helmetModelName": "Default",
    "helmetModelPart": "Helmet",
    "helmetModelTexture": "From armor",
    "bodyModelName": "Default",
    "bodyModelPart": "Body",
    "armsModelPartL": "Arms L",
    "armsModelPartR": "Arms R",
    "bodyModelTexture": "From armor",
    "leggingsModelName": "Default",
    "leggingsModelPartL": "Leggings L",
    "leggingsModelPartR": "Leggings R",
    "leggingsModelTexture": "From armor",
    "bootsModelName": "Default",
    "bootsModelPartL": "Boots L",
    "bootsModelPartR": "Boots R",
    "bootsModelTexture": "From armor",
    "helmetImmuneToFire": false,
    "bodyImmuneToFire": false,
    "leggingsImmuneToFire": false,
    "bootsImmuneToFire": false,
    "maxDamage": 45,
    "damageValueHelmet": 2,
    "damageValueBody": 6,
    "damageValueLeggings": 5,
    "damageValueBoots": 2,
    "enchantability": 9,
    "toughness": 2.5,
    "knockbackResistance": 0.2,
    "equipSound": {
      "value": "item.armor.equip_diamond"
    },
    "repairItems": [
      {
        "value": "Blocks.AMETHYST_CLUSTER"
      }
    ]
  }
}