{
  "_fv": 28,
  "_type": "fluid",
  "definition": {
    "name": "Milk",
    "bucketName": "Milk Bucket",
    "textureStill": "milkliquid",
    "textureFlowing": "milkliquid",
    "tintType": "Sky",
    "canMultiply": false,
    "flowRate": 5,
    "levelDecrease": 1,
    "slopeFindDistance": 4,
    "spawnParticles": true,
    "dripParticle": {
      "value": "WATER_DROP"
    },
    "flowStrength": 1.0,
    "luminosity": 0,
    "density": 1000,
    "viscosity": 1000,
    "isGas": false,
    "temperature": 300,
    "type": "WATER",
    "generateBucket": true,
    "textureBucket": "milkbucket",
    "creativeTab": {
      "value": "CUSTOM:Mymod"
    },
    "emptySound": {
      "value": "item.bucket.empty"
    },
    "rarity": "EPIC",
    "specialInfo": [
      "milk gives you healthy bones"
    ],
    "resistance": 100.0,
    "luminance": 0,
    "lightOpacity": 0,
    "emissiveRendering": false,
    "tickRate": 10,
    "flammability": 0,
    "fireSpreadSpeed": 0,
    "colorOnMap": "DEFAULT",
    "frequencyOnChunks": 5,
    "spawnWorldTypes": [
      "Surface"
    ],
    "restrictionBiomes": []
  }
}