{
  "_fv": 28,
  "_type": "tool",
  "definition": {
    "renderType": 0,
    "texture": "skylaucnher",
    "customModelName": "Normal",
    "name": "Sky launcher",
    "specialInfo": [
      "fly high to the sky"
    ],
    "creativeTab": {
      "value": "CUSTOM:Mymod"
    },
    "toolType": "Special",
    "harvestLevel": 1,
    "efficiency": 4.0,
    "attackSpeed": 1.0,
    "enchantability": 2,
    "damageVsEntity": 4.0,
    "usageCount": 100,
    "blocksAffected": [],
    "hasGlow": false,
    "repairItems": [],
    "immuneToFire": false,
    "stayInGridWhenCrafting": false,
    "damageOnCrafting": false,
    "onRightClickedOnBlock": {
      "name": "SkylauncherRightclickedOnBlock"
    }
  }
}