{
  "_fv": 28,
  "_type": "item",
  "definition": {
    "renderType": 0,
    "texture": "spaghetti",
    "customModelName": "Normal",
    "name": "Spagetti",
    "rarity": "COMMON",
    "creativeTab": {
      "value": "CUSTOM:Mymod"
    },
    "stackSize": 1,
    "enchantability": 0,
    "useDuration": 32,
    "toolType": 1.0,
    "damageCount": 0,
    "recipeRemainder": {
      "value": ""
    },
    "destroyAnyBlock": false,
    "immuneToFire": false,
    "stayInGridWhenCrafting": false,
    "damageOnCrafting": false,
    "enableMeleeDamage": false,
    "damageVsEntity": 0.0,
    "specialInfo": [
      "spagghetti"
    ],
    "hasGlow": false,
    "guiBoundTo": "<NONE>",
    "inventorySize": 9,
    "inventoryStackSize": 1,
    "hasDispenseBehavior": true,
    "isFood": true,
    "nutritionalValue": 12,
    "saturation": 0.3,
    "eatResultItem": {
      "value": "Items.BOWL"
    },
    "isMeat": false,
    "isAlwaysEdible": false,
    "animation": "eat"
  }
}