{
  "_fv": 28,
  "_type": "fluid",
  "definition": {
    "name": "Bloodofchildren",
    "bucketName": "Bloodofchildren Bucket",
    "textureStill": "burt",
    "textureFlowing": "e",
    "tintType": "No tint",
    "canMultiply": true,
    "flowRate": 5,
    "levelDecrease": 1,
    "slopeFindDistance": 4,
    "spawnParticles": true,
    "dripParticle": {
      "value": "EXPLOSION_NORMAL"
    },
    "flowStrength": 5.1,
    "luminosity": 0,
    "density": 1000,
    "viscosity": 1000,
    "isGas": false,
    "temperature": 300,
    "type": "WATER",
    "generateBucket": true,
    "textureBucket": "",
    "creativeTab": {
      "value": "CUSTOM:Bobs"
    },
    "emptySound": {
      "value": ""
    },
    "rarity": "COMMON",
    "specialInfo": [],
    "resistance": 100.0,
    "luminance": 0,
    "lightOpacity": 0,
    "emissiveRendering": false,
    "tickRate": 10,
    "flammability": 0,
    "fireSpreadSpeed": 0,
    "colorOnMap": "DEFAULT",
    "frequencyOnChunks": 30,
    "spawnWorldTypes": [
      "End"
    ],
    "restrictionBiomes": []
  }
}