{
  "_fv": 28,
  "_type": "achievement",
  "definition": {
    "achievementName": "Bob",
    "achievementDescription": "bob",
    "achievementIcon": {
      "value": "CUSTOM:Gun"
    },
    "background": "Default",
    "disableDisplay": false,
    "showPopup": true,
    "announceToChat": true,
    "hideIfNotCompleted": false,
    "rewardLoot": [],
    "rewardRecipes": [],
    "rewardFunction": "No function",
    "rewardXP": 0,
    "achievementType": "task",
    "parent": {
      "value": "CUSTOM:Delicious"
    },
    "triggerxml": "<xml xmlns=\"https://developers.google.com/blockly/xml\"><block type=\"dimension_entered\" x=\"37\" y=\"60\"><field name=\"dimension\">CUSTOM:Bobsdimetion</field><next><block type=\"advancement_trigger\" deletable=\"false\"></block></next></block></xml>"
  }
}