{
  "_fv": 28,
  "_type": "recipe",
  "definition": {
    "recipeType": "Crafting",
    "xpReward": 0.0,
    "cookingTime": 200,
    "recipeRetstackSize": 20,
    "group": "",
    "recipeShapeless": false,
    "recipeSlots": [
      {
        "value": "Blocks.RAW_IRON_BLOCK"
      },
      {
        "value": ""
      },
      {
        "value": "Items.RAW_GOLD"
      },
      {
        "value": ""
      },
      {
        "value": "CUSTOM:Ammo"
      },
      {
        "value": ""
      },
      {
        "value": ""
      },
      {
        "value": "Items.RAW_IRON"
      },
      {
        "value": ""
      }
    ],
    "recipeReturnStack": {
      "value": "CUSTOM:BobOre"
    },
    "name": "bob_123",
    "namespace": "mod"
  }
}