{
  "_fv": 28,
  "_type": "recipe",
  "definition": {
    "recipeType": "Crafting",
    "xpReward": 0.0,
    "cookingTime": 200,
    "recipeRetstackSize": 3,
    "group": "bob",
    "recipeShapeless": false,
    "recipeSlots": [
      {
        "value": "CUSTOM:BobOre"
      },
      {
        "value": "CUSTOM:Bobingot"
      },
      {
        "value": "CUSTOM:BobOre"
      },
      {
        "value": "CUSTOM:BobOre"
      },
      {
        "value": ""
      },
      {
        "value": "CUSTOM:BobOre"
      },
      {
        "value": ""
      },
      {
        "value": ""
      },
      {
        "value": ""
      }
    ],
    "recipeReturnStack": {
      "value": "CUSTOM:Bobsarmor.helmet"
    },
    "name": "bobhelmet",
    "namespace": "minecraft"
  }
}