{
  "_fv": 28,
  "_type": "dimension",
  "definition": {
    "biomesInDimension": [
      {
        "value": "CUSTOM:Biome"
      },
      {
        "value": "CUSTOM:Heatice"
      }
    ],
    "worldGenType": "Nether like gen",
    "mainFillerBlock": {
      "value": "CUSTOM:BobOre"
    },
    "fluidBlock": {
      "value": "CUSTOM:Bloodofchildren"
    },
    "canRespawnHere": true,
    "hasFog": false,
    "isDark": true,
    "doesWaterVaporize": false,
    "sleepResult": "ALLOW",
    "hasSkyLight": true,
    "imitateOverworldBehaviour": true,
    "portalFrame": {
      "value": "CUSTOM:BobOre"
    },
    "portalParticles": {
      "value": "SPIT"
    },
    "portalLuminance": 0,
    "portalSound": {
      "value": "block.portal.ambient"
    },
    "igniterName": "Bobs dimetion Portal Igniter",
    "igniterTab": {
      "value": "CUSTOM:Bobs"
    },
    "texture": "poop",
    "portalTexture": "texture_1",
    "enablePortal": true
  }
}