{
  "_fv": 28,
  "_type": "recipe",
  "definition": {
    "recipeType": "Crafting",
    "xpReward": 0.0,
    "cookingTime": 200,
    "recipeRetstackSize": 1,
    "group": "",
    "recipeShapeless": false,
    "recipeSlots": [
      {
        "value": ""
      },
      {
        "value": ""
      },
      {
        "value": "CUSTOM:Bobingot"
      },
      {
        "value": ""
      },
      {
        "value": "Blocks.LIGHTNING_ROD"
      },
      {
        "value": ""
      },
      {
        "value": "CUSTOM:BobOre"
      },
      {
        "value": ""
      },
      {
        "value": ""
      }
    ],
    "recipeReturnStack": {
      "value": "CUSTOM:Bobsknife"
    },
    "name": "bobskniferecipe",
    "namespace": "mod"
  }
}