{
  "_fv": 28,
  "_type": "armor",
  "definition": {
    "enableHelmet": true,
    "textureHelmet": "bob_helmet",
    "enableBody": true,
    "textureBody": "bob_chest",
    "enableLeggings": true,
    "textureLeggings": "bob_leggings",
    "enableBoots": true,
    "textureBoots": "bobs_wellies",
    "creativeTab": {
      "value": "CUSTOM:Bobs"
    },
    "armorTextureFile": "bob",
    "helmetName": "Bobs_armor Helmet",
    "bodyName": "Bob_armor Body",
    "leggingsName": "Bob_armor Leggings",
    "bootsName": "Bob_armor Boots",
    "helmetSpecialInfo": [],
    "bodySpecialInfo": [],
    "leggingsSpecialInfo": [],
    "bootsSpecialInfo": [],
    "helmetModelName": "Default",
    "helmetModelPart": "Helmet",
    "helmetModelTexture": "From armor",
    "bodyModelName": "Default",
    "bodyModelPart": "Body",
    "armsModelPartL": "Arms L",
    "armsModelPartR": "Arms R",
    "bodyModelTexture": "From armor",
    "leggingsModelName": "Default",
    "leggingsModelPartL": "Leggings L",
    "leggingsModelPartR": "Leggings R",
    "leggingsModelTexture": "From armor",
    "bootsModelName": "Default",
    "bootsModelPartL": "Boots L",
    "bootsModelPartR": "Boots R",
    "bootsModelTexture": "From armor",
    "helmetImmuneToFire": false,
    "bodyImmuneToFire": false,
    "leggingsImmuneToFire": false,
    "bootsImmuneToFire": false,
    "maxDamage": 75,
    "damageValueHelmet": 2,
    "damageValueBody": 6,
    "damageValueLeggings": 5,
    "damageValueBoots": 2,
    "enchantability": 17,
    "toughness": 2.5,
    "knockbackResistance": 0.1,
    "equipSound": {
      "value": "ambient.crimson_forest.mood"
    },
    "repairItems": [
      {
        "value": "CUSTOM:BobOre"
      }
    ]
  }
}