{
  "_fv": 28,
  "_type": "tool",
  "definition": {
    "renderType": 0,
    "texture": "bobs_knife",
    "customModelName": "Normal",
    "name": "Bobsknife",
    "specialInfo": [],
    "creativeTab": {
      "value": "CUSTOM:Bobs"
    },
    "toolType": "Sword",
    "harvestLevel": 41,
    "efficiency": 26.5,
    "attackSpeed": 12.799999999999999,
    "enchantability": 28,
    "damageVsEntity": 13.5,
    "usageCount": 100,
    "blocksAffected": [],
    "hasGlow": false,
    "repairItems": [],
    "immuneToFire": true,
    "stayInGridWhenCrafting": true,
    "damageOnCrafting": false
  }
}