{
  "_fv": 28,
  "_type": "achievement",
  "definition": {
    "achievementName": "Delicious",
    "achievementDescription": "eat poop",
    "achievementIcon": {
      "value": "CUSTOM:Rawpoop"
    },
    "background": "Default",
    "disableDisplay": true,
    "showPopup": true,
    "announceToChat": true,
    "hideIfNotCompleted": true,
    "rewardLoot": [],
    "rewardRecipes": [],
    "rewardFunction": "No function",
    "rewardXP": 96,
    "achievementType": "goal",
    "parent": {
      "value": "story/mine_stone"
    },
    "triggerxml": "<xml xmlns=\"https://developers.google.com/blockly/xml\"><block type=\"item_consumed\" x=\"55\" y=\"58\"><value name=\"item\"><block type=\"mcitem_all\"><field name=\"value\">CUSTOM:Rawpoop</field></block></value><next><block type=\"advancement_trigger\" deletable=\"false\"></block></next></block></xml>"
  }
}