{
  "_fv": 28,
  "_type": "rangeditem",
  "definition": {
    "renderType": 0,
    "texture": "pistol",
    "customModelName": "Normal",
    "name": "Gun",
    "specialInfo": [],
    "creativeTab": {
      "value": "COMBAT"
    },
    "stackSize": 64,
    "ammoItem": {
      "value": "CUSTOM:Ammo"
    },
    "shootConstantly": false,
    "usageCount": 27,
    "actionSound": {
      "value": "ambient.nether_wastes.additions"
    },
    "hasGlow": false,
    "animation": "crossbow",
    "enableMeleeDamage": true,
    "damageVsEntity": 69.0,
    "bulletPower": 2.5,
    "bulletDamage": 5.0,
    "bulletKnockback": 5,
    "bulletParticles": true,
    "bulletIgnitesFire": true,
    "bulletItemTexture": {
      "value": "CUSTOM:Ammo"
    },
    "bulletModel": "Default",
    "customBulletModelTexture": ""
  }
}