{
  "_fv": 28,
  "_type": "recipe",
  "definition": {
    "recipeType": "Crafting",
    "xpReward": 0.0,
    "cookingTime": 200,
    "recipeRetstackSize": 1,
    "group": "",
    "recipeShapeless": false,
    "recipeSlots": [
      {
        "value": ""
      },
      {
        "value": "Items.GLOWSTONE_DUST"
      },
      {
        "value": ""
      },
      {
        "value": "Items.GLOWSTONE_DUST"
      },
      {
        "value": "Items.DYE#17"
      },
      {
        "value": "Items.GLOWSTONE_DUST"
      },
      {
        "value": "Items.DYE#17"
      },
      {
        "value": "Items.DYE#17"
      },
      {
        "value": "Items.DYE#17"
      }
    ],
    "recipeReturnStack": {
      "value": "CUSTOM:Rawpoop"
    },
    "name": "pooprecipe",
    "namespace": "mod"
  }
}