{
  "_fv": 28,
  "_type": "potion",
  "definition": {
    "potionName": "soda",
    "splashName": "little pepsi",
    "lingeringName": "big soda yeet",
    "arrowName": "sodat yeet",
    "effects": [
      {
        "effect": {
          "value": "SPEED"
        },
        "duration": 3600,
        "amplifier": 22,
        "ambient": true,
        "showParticles": false
      },
      {
        "effect": {
          "value": "HASTE"
        },
        "duration": 3600,
        "amplifier": 22,
        "ambient": true,
        "showParticles": true
      },
      {
        "effect": {
          "value": "STRENGTH"
        },
        "duration": 3600,
        "amplifier": 22,
        "ambient": true,
        "showParticles": true
      },
      {
        "effect": {
          "value": "REGENERATION"
        },
        "duration": 3600,
        "amplifier": 22,
        "ambient": true,
        "showParticles": true
      },
      {
        "effect": {
          "value": "JUMP_BOOST"
        },
        "duration": 3600,
        "amplifier": 22,
        "ambient": true,
        "showParticles": true
      },
      {
        "effect": {
          "value": "WATER_BREATHING"
        },
        "duration": 3600,
        "amplifier": 22,
        "ambient": true,
        "showParticles": true
      },
      {
        "effect": {
          "value": "RESISTANCE"
        },
        "duration": 3600,
        "amplifier": 22,
        "ambient": true,
        "showParticles": true
      },
      {
        "effect": {
          "value": "FIRE_RESISTANCE"
        },
        "duration": 3600,
        "amplifier": 22,
        "ambient": true,
        "showParticles": true
      },
      {
        "effect": {
          "value": "BLINDNESS"
        },
        "duration": 3600,
        "amplifier": 98,
        "ambient": false,
        "showParticles": true
      }
    ]
  }
}