{
  "_fv": 28,
  "_type": "fluid",
  "definition": {
    "name": "Texture 1",
    "bucketName": "Texture 1 Bucket",
    "textureStill": "texture_1",
    "textureFlowing": "texture_1",
    "tintType": "No tint",
    "canMultiply": false,
    "flowRate": 5,
    "levelDecrease": 1,
    "slopeFindDistance": 4,
    "spawnParticles": false,
    "dripParticle": {
      "value": "EXPLOSION_NORMAL"
    },
    "flowStrength": 1.0,
    "luminosity": 0,
    "density": 1000,
    "viscosity": 1000,
    "isGas": true,
    "temperature": 300,
    "type": "WATER",
    "generateBucket": true,
    "textureBucket": "",
    "creativeTab": {
      "value": "MISC"
    },
    "emptySound": {
      "value": ""
    },
    "rarity": "COMMON",
    "specialInfo": [],
    "resistance": 107.0,
    "luminance": 15,
    "lightOpacity": 15,
    "emissiveRendering": true,
    "tickRate": 10,
    "flammability": 30,
    "fireSpreadSpeed": 32,
    "colorOnMap": "SAND",
    "frequencyOnChunks": 5,
    "spawnWorldTypes": [
      "Surface",
      "CUSTOM:Bobsdimetion"
    ],
    "restrictionBiomes": [
      {
        "value": "CUSTOM:Biome"
      }
    ]
  }
}