{
  "_fv": 28,
  "_type": "structure",
  "definition": {
    "structure": "the_bunker",
    "randomlyRotateStructure": true,
    "surfaceDetectionType": "First motion blocking block",
    "spawnProbability": 25,
    "minCountPerChunk": 3,
    "maxCountPerChunk": 5,
    "spawnLocation": "Ground",
    "spawnHeightOffset": 1,
    "spawnXOffset": 1,
    "spawnZOffset": 1,
    "spawnWorldTypes": [
      "Surface",
      "CUSTOM:Bobsdimetion",
      "End",
      "Nether"
    ],
    "restrictionBlocks": [],
    "restrictionBiomes": [
      {
        "value": "CUSTOM:Biome"
      },
      {
        "value": "CUSTOM:Heatice"
      },
      {
        "value": "badlands"
      },
      {
        "value": "crimson_forest"
      },
      {
        "value": "beaches"
      },
      {
        "value": "desert"
      },
      {
        "value": "the_end"
      }
    ],
    "ignoreBlocks": "AIR_AND_STRUCTURE_BLOCK"
  }
}