{
  "_fv": 28,
  "_type": "achievement",
  "definition": {
    "achievementName": "E",
    "achievementDescription": "you just got sheeshed",
    "achievementIcon": {
      "value": "CUSTOM:Sussyfood"
    },
    "background": "Default",
    "disableDisplay": false,
    "showPopup": true,
    "announceToChat": true,
    "hideIfNotCompleted": false,
    "rewardLoot": [],
    "rewardRecipes": [],
    "rewardFunction": "No function",
    "rewardXP": 11,
    "achievementType": "goal",
    "parent": {
      "value": "No parent: root"
    },
    "triggerxml": "<xml xmlns=\"https://developers.google.com/blockly/xml\"><block type=\"item_consumed\" x=\"36\" y=\"20\"><value name=\"item\"><block type=\"mcitem_all\"><field name=\"value\">CUSTOM:Sussyfood</field></block></value><next><block type=\"advancement_trigger\" deletable=\"false\"></block></next></block></xml>"
  }
}