{
  "_fv": 28,
  "_type": "structure",
  "definition": {
    "structure": "house",
    "randomlyRotateStructure": true,
    "surfaceDetectionType": "First motion blocking block",
    "spawnProbability": 10000,
    "minCountPerChunk": 1,
    "maxCountPerChunk": 1,
    "spawnLocation": "Ground",
    "spawnHeightOffset": 0,
    "spawnXOffset": 0,
    "spawnZOffset": 0,
    "spawnWorldTypes": [
      "CUSTOM:Sheeshdimension"
    ],
    "restrictionBlocks": [
      {
        "value": "Blocks.FLOWING_WATER"
      }
    ],
    "restrictionBiomes": [
      {
        "value": "CUSTOM:Sheeshbiome"
      },
      {
        "value": "the_end"
      }
    ],
    "ignoreBlocks": "STRUCTURE_BLOCK"
  }
}