{
  "_fv": 28,
  "_type": "biome",
  "definition": {
    "name": "Sheeshbiome",
    "groundBlock": {
      "value": "Blocks.SAND#1"
    },
    "undergroundBlock": {
      "value": "CUSTOM:SHEESHORE"
    },
    "underwaterBlock": {
      "value": "Blocks.STONE#0"
    },
    "airColor": {
      "value": -52480,
      "falpha": 0.0
    },
    "grassColor": {
      "value": -39424,
      "falpha": 0.0
    },
    "foliageColor": {
      "value": -256,
      "falpha": 0.0
    },
    "waterColor": {
      "value": -16738048,
      "falpha": 0.0
    },
    "waterFogColor": {
      "value": -52225,
      "falpha": 0.0
    },
    "ambientSound": {
      "value": ""
    },
    "additionsSound": {
      "value": ""
    },
    "music": {
      "value": ""
    },
    "moodSound": {
      "value": ""
    },
    "moodSoundDelay": 6000,
    "spawnParticles": false,
    "particleToSpawn": {
      "value": "EXPLOSION_NORMAL"
    },
    "particlesProbability": 0.5,
    "biomeCategory": "NONE",
    "rainingPossibility": 0.0,
    "temperature": 0.6,
    "baseHeight": 7.1,
    "heightVariation": 0.30000000000000004,
    "spawnBiome": true,
    "spawnBiomeNether": false,
    "spawnInCaves": false,
    "biomeWeight": 40,
    "biomeDictionaryTypes": [
      "DRY"
    ],
    "grassPerChunk": 7,
    "seagrassPerChunk": 2,
    "flowersPerChunk": 9,
    "mushroomsPerChunk": 1,
    "bigMushroomsChunk": 2,
    "sandPatchesPerChunk": 14,
    "gravelPatchesPerChunk": 0,
    "reedsPerChunk": 0,
    "cactiPerChunk": 2,
    "treesPerChunk": 6,
    "vanillaTreeType": "Default",
    "treeType": 0,
    "minHeight": 7,
    "treeStem": {
      "value": ""
    },
    "treeBranch": {
      "value": ""
    },
    "treeVines": {
      "value": ""
    },
    "treeFruits": {
      "value": ""
    },
    "spawnStronghold": false,
    "spawnMineshaft": false,
    "spawnMineshaftMesa": false,
    "spawnPillagerOutpost": false,
    "villageType": "taiga",
    "spawnWoodlandMansion": false,
    "spawnJungleTemple": false,
    "spawnDesertPyramid": false,
    "spawnSwampHut": false,
    "spawnIgloo": false,
    "spawnOceanMonument": false,
    "spawnShipwreck": true,
    "spawnShipwreckBeached": true,
    "spawnBuriedTreasure": false,
    "oceanRuinType": "NONE",
    "spawnNetherBridge": true,
    "spawnNetherFossil": true,
    "spawnBastionRemnant": false,
    "spawnEndCity": true,
    "spawnRuinedPortal": "STANDARD",
    "defaultFeatures": [
      "Caves",
      "Ores",
      "FrozenTopLayer"
    ],
    "spawnEntries": [
      {
        "entity": {
          "value": "CUSTOM:Sheeshers"
        },
        "minGroup": 4,
        "maxGroup": 10,
        "weight": 20,
        "spawnType": "monster"
      }
    ]
  }
}