{
  "_fv": 28,
  "_type": "tool",
  "definition": {
    "renderType": 0,
    "texture": "sheesh_sword",
    "customModelName": "Normal",
    "name": "Sheeshsword",
    "specialInfo": [
      "deals full damage very op"
    ],
    "creativeTab": {
      "value": "CUSTOM:Sheeshs"
    },
    "toolType": "Sword",
    "harvestLevel": 100,
    "efficiency": 100.0,
    "attackSpeed": 100.0,
    "enchantability": 100,
    "damageVsEntity": 12.0,
    "usageCount": 100,
    "blocksAffected": [],
    "hasGlow": false,
    "repairItems": [],
    "immuneToFire": true,
    "stayInGridWhenCrafting": false,
    "damageOnCrafting": false
  }
}