{
  "_fv": 28,
  "_type": "armor",
  "definition": {
    "enableHelmet": true,
    "textureHelmet": "armor",
    "enableBody": true,
    "textureBody": "sheeshchest",
    "enableLeggings": true,
    "textureLeggings": "sheeshleggingstwo",
    "enableBoots": true,
    "textureBoots": "sheesh_boots",
    "creativeTab": {
      "value": "CUSTOM:Sheeshs"
    },
    "armorTextureFile": "sheesh_armor",
    "helmetName": "Sheesharmor Helmet",
    "bodyName": "Sheesharmor Body",
    "leggingsName": "Sheesharmor Leggings",
    "bootsName": "Sheesharmor Boots",
    "helmetSpecialInfo": [],
    "bodySpecialInfo": [],
    "leggingsSpecialInfo": [],
    "bootsSpecialInfo": [],
    "helmetModelName": "Default",
    "helmetModelPart": "Helmet",
    "helmetModelTexture": "From armor",
    "bodyModelName": "Default",
    "bodyModelPart": "Body",
    "armsModelPartL": "Arms L",
    "armsModelPartR": "Arms R",
    "bodyModelTexture": "From armor",
    "leggingsModelName": "Default",
    "leggingsModelPartL": "Leggings L",
    "leggingsModelPartR": "Leggings R",
    "leggingsModelTexture": "From armor",
    "bootsModelName": "Default",
    "bootsModelPartL": "Boots L",
    "bootsModelPartR": "Boots R",
    "bootsModelTexture": "From armor",
    "helmetImmuneToFire": false,
    "bodyImmuneToFire": false,
    "leggingsImmuneToFire": false,
    "bootsImmuneToFire": false,
    "maxDamage": 45,
    "damageValueHelmet": 7,
    "damageValueBody": 7,
    "damageValueLeggings": 7,
    "damageValueBoots": 7,
    "enchantability": 1,
    "toughness": 3.2,
    "knockbackResistance": 0.30000000000000004,
    "equipSound": {
      "value": "item.armor.equip_chain"
    },
    "repairItems": [
      {
        "value": "Blocks.CANDLE#2"
      }
    ]
  }
}