{
  "_fv": 28,
  "_type": "dimension",
  "definition": {
    "biomesInDimension": [
      {
        "value": "beaches"
      }
    ],
    "worldGenType": "End like gen",
    "mainFillerBlock": {
      "value": "CUSTOM:SHEESHORE"
    },
    "fluidBlock": {
      "value": "Blocks.SAND#1"
    },
    "airColor": {
      "value": -1,
      "falpha": 0.0
    },
    "canRespawnHere": false,
    "hasFog": false,
    "isDark": true,
    "doesWaterVaporize": true,
    "sleepResult": "DENY",
    "hasSkyLight": true,
    "imitateOverworldBehaviour": false,
    "portalFrame": {
      "value": "Blocks.AMETHYST_BLOCK"
    },
    "portalParticles": {
      "value": "WATER_SPLASH"
    },
    "portalLuminance": 0,
    "portalSound": {
      "value": "block.portal.ambient"
    },
    "igniterName": "Sheesh Portal Igniter",
    "igniterTab": {
      "value": "TOOLS"
    },
    "texture": "sheesh_sword",
    "portalTexture": "sheesh_ore",
    "enablePortal": true
  }
}