{
  "type": "robbie:bobsdimetion",
  "generator": {
    "type": "minecraft:noise",
    "seed": 5212848774817882526,
    "biome_source": {
      "type": "minecraft:multi_noise",
      "biomes": [
        {
          "biome": "robbie:heatice",
          "parameters": {
            "temperature": [
              -0.142857142857,
              0.142857142857
            ],
            "humidity": [
              -0.142857142857,
              0.142857142857
            ],
            "continentalness": [
              0.367142857143,
              0.652857142857
            ],
            "weirdness": [
              -0.577678941923,
              -0.291964656209
            ],
            "erosion": [
              0.657142857143,
              0.942857142857
            ],
            "depth": 0,
            "offset": 0
          }
        },
        {
          "biome": "robbie:biome",
          "parameters": {
            "temperature": [
              -0.142857142857,
              0.142857142857
            ],
            "humidity": [
              -0.142857142857,
              0.142857142857
            ],
            "continentalness": [
              0.367142857143,
              0.652857142857
            ],
            "weirdness": [
              -0.577678941923,
              -0.291964656209
            ],
            "erosion": [
              0.657142857143,
              0.942857142857
            ],
            "depth": 0,
            "offset": 0
          }
        }
      ]
    },
    "settings": {
      "name": "robbie:bobsdimetion",
      "sea_level": 32,
      "legacy_random_source": true,
      "disable_mob_generation": false,
      "noodle_caves_enabled": true,
      "noise_caves_enabled": true,
      "aquifers_enabled": true,
      "deepslate_enabled": true,
      "ore_veins_enabled": true,
      "min_surface_level": 0,
      "default_block": {
        "Name": "robbie:bob_ore"
      },
      "default_fluid": {
        "Name": "robbie:bloodofchildren",
        "Properties": {
          "level": "0"
        }
      },
      "noise": {
        "min_y": 0,
        "height": 128,
        "size_horizontal": 1,
        "size_vertical": 2,
        "sampling": {
          "xz_scale": 1,
          "y_scale": 3,
          "xz_factor": 80,
          "y_factor": 60
        },
        "bottom_slide": {
          "target": 2.5,
          "size": 4,
          "offset": -1
        },
        "top_slide": {
          "target": 0.9375,
          "size": 3,
          "offset": 0
        },
        "terrain_shaper": {
          "offset": 0,
          "factor": 0,
          "jaggedness": 0
        }
      },
      "noise_router": {
        "barrier": 0,
        "fluid_level_floodedness": 0,
        "fluid_level_spread": 0,
        "lava": 0,
        "temperature": {
          "type": "minecraft:shifted_noise",
          "noise": "minecraft:temperature",
          "xz_scale": 0.25,
          "y_scale": 0,
          "shift_x": "minecraft:shift_x",
          "shift_y": 0,
          "shift_z": "minecraft:shift_z"
        },
        "vegetation": {
          "type": "minecraft:shifted_noise",
          "noise": "minecraft:vegetation",
          "xz_scale": 0.25,
          "y_scale": 0,
          "shift_x": "minecraft:shift_x",
          "shift_y": 0,
          "shift_z": "minecraft:shift_z"
        },
        "ridges": "minecraft:overworld/ridges",
        "continents": "minecraft:overworld/continents",
        "erosion": "minecraft:overworld/erosion",
        "depth": "minecraft:overworld/depth",
        "initial_density_without_jaggedness": {
          "type": "minecraft:mul",
          "argument1": 4,
          "argument2": {
            "type": "minecraft:quarter_negative",
            "argument": {
              "type": "minecraft:mul",
              "argument1": "minecraft:overworld/depth",
              "argument2": {
                "type": "minecraft:cache_2d",
                "argument": "minecraft:overworld/factor"
              }
            }
          }
        },
        "final_density": {
          "type": "minecraft:squeeze",
          "argument": {
            "type": "minecraft:mul",
            "argument1": 0.64,
            "argument2": {
              "type": "minecraft:interpolated",
              "argument": {
                "type": "minecraft:blend_density",
                "argument": {
                  "type": "minecraft:slide",
                  "argument": "minecraft:overworld/sloped_cheese"
                }
              }
            }
          }
        },
        "vein_toggle": 0,
        "vein_ridged": 0,
        "vein_gap": 0
      },
      "surface_rule": {
        "type": "minecraft:sequence",
        "sequence": [
          {
            "type": "minecraft:condition",
            "if_true": {
              "type": "minecraft:vertical_gradient",
              "random_name": "minecraft:bedrock_floor",
              "true_at_and_below": {
                "above_bottom": 0
              },
              "false_at_and_above": {
                "above_bottom": 5
              }
            },
            "then_run": {
              "type": "minecraft:block",
              "result_state": {
                "Name": "minecraft:bedrock"
              }
            }
          },
          {
            "type": "minecraft:condition",
            "if_true": {
              "type": "minecraft:not",
              "invert": {
                "type": "minecraft:vertical_gradient",
                "random_name": "minecraft:bedrock_roof",
                "true_at_and_below": {
                  "below_top": 5
                },
                "false_at_and_above": {
                  "below_top": 0
                }
              }
            },
            "then_run": {
              "type": "minecraft:block",
              "result_state": {
                "Name": "minecraft:bedrock"
              }
            }
          },
          {
            "type": "minecraft:condition",
            "if_true": {
              "type": "minecraft:biome",
              "biome_is": [
                "robbie:heatice"
              ]
            },
            "then_run": {
              "type": "minecraft:sequence",
              "sequence": [
                {
                  "type": "minecraft:condition",
                  "if_true": {
                    "type": "minecraft:stone_depth",
                    "surface_type": "floor",
                    "add_surface_depth": false,
                    "secondary_depth_range": 0,
                    "offset": 0
                  },
                  "then_run": {
                    "type": "minecraft:sequence",
                    "sequence": [
                      {
                        "type": "minecraft:condition",
                        "if_true": {
                          "type": "minecraft:water",
                          "offset": -1,
                          "surface_depth_multiplier": 0,
                          "add_stone_depth": false
                        },
                        "then_run": {
                          "type": "minecraft:block",
                          "result_state": {
                            "Name": "robbie:icedlava"
                          }
                        }
                      },
                      {
                        "type": "minecraft:block",
                        "result_state": {
                          "Name": "robbie:icedlava"
                        }
                      }
                    ]
                  }
                },
                {
                  "type": "minecraft:condition",
                  "if_true": {
                    "type": "minecraft:stone_depth",
                    "surface_type": "floor",
                    "add_surface_depth": true,
                    "secondary_depth_range": 0,
                    "offset": 0
                  },
                  "then_run": {
                    "type": "minecraft:block",
                    "result_state": {
                      "Name": "minecraft:lava",
                      "Properties": {
                        "level": "0"
                      }
                    }
                  }
                }
              ]
            }
          },
          {
            "type": "minecraft:condition",
            "if_true": {
              "type": "minecraft:biome",
              "biome_is": [
                "robbie:biome"
              ]
            },
            "then_run": {
              "type": "minecraft:sequence",
              "sequence": [
                {
                  "type": "minecraft:condition",
                  "if_true": {
                    "type": "minecraft:stone_depth",
                    "surface_type": "floor",
                    "add_surface_depth": false,
                    "secondary_depth_range": 0,
                    "offset": 0
                  },
                  "then_run": {
                    "type": "minecraft:sequence",
                    "sequence": [
                      {
                        "type": "minecraft:condition",
                        "if_true": {
                          "type": "minecraft:water",
                          "offset": -1,
                          "surface_depth_multiplier": 0,
                          "add_stone_depth": false
                        },
                        "then_run": {
                          "type": "minecraft:block",
                          "result_state": {
                            "Name": "robbie:bedrocksurfaced"
                          }
                        }
                      },
                      {
                        "type": "minecraft:block",
                        "result_state": {
                          "Name": "robbie:bedrocksurfaced"
                        }
                      }
                    ]
                  }
                },
                {
                  "type": "minecraft:condition",
                  "if_true": {
                    "type": "minecraft:stone_depth",
                    "surface_type": "floor",
                    "add_surface_depth": true,
                    "secondary_depth_range": 0,
                    "offset": 0
                  },
                  "then_run": {
                    "type": "minecraft:block",
                    "result_state": {
                      "Name": "robbie:bob_ore"
                    }
                  }
                }
              ]
            }
          },
          {
            "type": "minecraft:block",
            "result_state": {
              "Name": "robbie:bob_ore"
            }
          }
        ]
      },
      "structures": {
        "structures": {
          "minecraft:bastion_remnant": {
            "spacing": 27,
            "separation": 4,
            "salt": 30084232
          },
          "minecraft:buried_treasure": {
            "spacing": 1,
            "separation": 0,
            "salt": 0
          },
          "minecraft:desert_pyramid": {
            "spacing": 32,
            "separation": 8,
            "salt": 14357617
          },
          "minecraft:endcity": {
            "spacing": 20,
            "separation": 11,
            "salt": 10387313
          },
          "minecraft:fortress": {
            "spacing": 27,
            "separation": 4,
            "salt": 30084232
          },
          "minecraft:igloo": {
            "spacing": 32,
            "separation": 8,
            "salt": 14357618
          },
          "minecraft:jungle_pyramid": {
            "spacing": 32,
            "separation": 8,
            "salt": 14357619
          },
          "minecraft:mansion": {
            "spacing": 80,
            "separation": 20,
            "salt": 10387319
          },
          "minecraft:mineshaft": {
            "spacing": 1,
            "separation": 0,
            "salt": 0
          },
          "minecraft:monument": {
            "spacing": 32,
            "separation": 5,
            "salt": 10387313
          },
          "minecraft:nether_fossil": {
            "spacing": 2,
            "separation": 1,
            "salt": 14357921
          },
          "minecraft:ocean_ruin": {
            "spacing": 20,
            "separation": 8,
            "salt": 14357621
          },
          "minecraft:pillager_outpost": {
            "spacing": 32,
            "separation": 8,
            "salt": 165745296
          },
          "minecraft:ruined_portal": {
            "spacing": 40,
            "separation": 15,
            "salt": 34222645
          },
          "minecraft:shipwreck": {
            "spacing": 24,
            "separation": 4,
            "salt": 165745295
          },
          "minecraft:stronghold": {
            "spacing": 1,
            "separation": 0,
            "salt": 0
          },
          "minecraft:swamp_hut": {
            "spacing": 32,
            "separation": 8,
            "salt": 14357620
          },
          "minecraft:village": {
            "spacing": 34,
            "separation": 8,
            "salt": 10387312
          }
        }
      }
    }
  }
}