{
  "_fv": 24,
  "_type": "dimension",
  "definition": {
    "biomesInDimension": [
      {
        "value": "CUSTOM:AdamantinePlains2"
      }
    ],
    "worldGenType": "Normal world gen",
    "mainFillerBlock": {
      "value": "CUSTOM:CursedGrass"
    },
    "fluidBlock": {
      "value": "CUSTOM:Cursewater"
    },
    "canRespawnHere": false,
    "hasFog": false,
    "isDark": false,
    "doesWaterVaporize": true,
    "sleepResult": "BED_EXPLODES",
    "hasSkyLight": true,
    "imitateOverworldBehaviour": true,
    "portalFrame": {
      "value": "Blocks.END_PORTAL"
    },
    "portalParticles": {
      "value": "EXPLOSION_NORMAL"
    },
    "portalLuminance": 0,
    "portalSound": {
      "value": "block.portal.ambient"
    },
    "igniterName": "Ancient Adamantine Sword",
    "igniterTab": {
      "value": "COMBAT"
    },
    "texture": "ancientadamantineblade",
    "portalTexture": "adamantine_block",
    "enablePortal": true
  }
}