{
  "_fv": 24,
  "_type": "tool",
  "definition": {
    "renderType": 0,
    "texture": "adamantine_pickaxe",
    "customModelName": "Normal",
    "name": "Adamantine Pickaxe",
    "specialInfo": [],
    "creativeTab": {
      "value": "CUSTOM:Mods"
    },
    "toolType": "Pickaxe",
    "harvestLevel": 100,
    "efficiency": 50.0,
    "attackSpeed": 3.0,
    "enchantability": 500,
    "damageVsEntity": 5.0,
    "usageCount": 30000,
    "blocksAffected": [],
    "hasGlow": false,
    "repairItems": [],
    "immuneToFire": true,
    "stayInGridWhenCrafting": false,
    "damageOnCrafting": false
  }
}