{
  "_fv": 24,
  "_type": "tool",
  "definition": {
    "renderType": 0,
    "texture": "adamantine_sword",
    "customModelName": "Normal",
    "name": "Adamantine Sword",
    "specialInfo": [],
    "creativeTab": {
      "value": "CUSTOM:Mods"
    },
    "toolType": "Sword",
    "harvestLevel": 5,
    "efficiency": 5.0,
    "attackSpeed": 15.0,
    "enchantability": 500,
    "damageVsEntity": 15.0,
    "usageCount": 15000,
    "blocksAffected": [],
    "hasGlow": false,
    "repairItems": [],
    "immuneToFire": true,
    "stayInGridWhenCrafting": false,
    "damageOnCrafting": false
  }
}