{
  "_fv": 24,
  "_type": "armor",
  "definition": {
    "enableHelmet": true,
    "textureHelmet": "adamantine_helmet",
    "enableBody": true,
    "textureBody": "adamantine_chestplate",
    "enableLeggings": true,
    "textureLeggings": "adamantine_leggings",
    "enableBoots": true,
    "textureBoots": "adamantine_boots",
    "creativeTab": {
      "value": "CUSTOM:Mods"
    },
    "armorTextureFile": "ada_armor",
    "helmetName": "Adamantine Armor Helmet",
    "bodyName": "Adamantine Armor Body",
    "leggingsName": "Adamantine Armor Leggings",
    "bootsName": "Adamantine Armor Boots",
    "helmetSpecialInfo": [],
    "bodySpecialInfo": [],
    "leggingsSpecialInfo": [],
    "bootsSpecialInfo": [],
    "helmetModelName": "Default",
    "helmetModelPart": "Helmet",
    "helmetModelTexture": "From armor",
    "bodyModelName": "Default",
    "bodyModelPart": "Body",
    "armsModelPartL": "Arms L",
    "armsModelPartR": "Arms R",
    "bodyModelTexture": "From armor",
    "leggingsModelName": "Default",
    "leggingsModelPartL": "Leggings L",
    "leggingsModelPartR": "Leggings R",
    "leggingsModelTexture": "From armor",
    "bootsModelName": "Default",
    "bootsModelPartL": "Boots L",
    "bootsModelPartR": "Boots R",
    "bootsModelTexture": "From armor",
    "helmetImmuneToFire": false,
    "bodyImmuneToFire": false,
    "leggingsImmuneToFire": false,
    "bootsImmuneToFire": false,
    "maxDamage": 1024,
    "damageValueHelmet": 20,
    "damageValueBody": 40,
    "damageValueLeggings": 20,
    "damageValueBoots": 20,
    "enchantability": 100,
    "toughness": 10.0,
    "knockbackResistance": 5.0,
    "equipSound": {
      "value": "ambient.cave"
    },
    "repairItems": [
      {
        "value": "CUSTOM:Adamantine_IngotIngot"
      }
    ]
  }
}