{
  "_fv": 24,
  "_type": "livingentity",
  "definition": {
    "mobName": "Adamantine Inhanced Super Soldier",
    "mobLabel": "",
    "mobModelName": "Biped",
    "mobModelTexture": "6e5142f25f875db9dbe64a9cdcb1d8aabbe45f15.png",
    "mobModelGlowTexture": "",
    "modelWidth": 0.6,
    "modelHeight": 1.8,
    "modelShadowSize": 0.5,
    "mountedYOffset": 0.0,
    "hasSpawnEgg": true,
    "spawnEggBaseColor": {
      "value": -10066330,
      "falpha": 0.0
    },
    "spawnEggDotColor": {
      "value": -6750055,
      "falpha": 0.0
    },
    "creativeTab": {
      "value": "CUSTOM:Mods"
    },
    "isBoss": true,
    "bossBarColor": "RED",
    "bossBarType": "NOTCHED_6",
    "equipmentMainHand": {
      "value": "CUSTOM:Shotgun"
    },
    "equipmentOffHand": {
      "value": "CUSTOM:Shotgun"
    },
    "equipmentHelmet": {
      "value": ""
    },
    "equipmentBody": {
      "value": ""
    },
    "equipmentLeggings": {
      "value": ""
    },
    "equipmentBoots": {
      "value": ""
    },
    "mobBehaviourType": "Mob",
    "mobCreatureType": "UNDEAD",
    "attackStrength": 30,
    "attackKnockback": 1.0,
    "knockbackResistance": 3.0,
    "movementSpeed": 1.0,
    "armorBaseValue": 10.0,
    "trackingRange": 64,
    "health": 1000,
    "xpAmount": 30000,
    "waterMob": false,
    "flyingMob": false,
    "guiBoundTo": "<NONE>",
    "inventorySize": 9,
    "inventoryStackSize": 64,
    "disableCollisions": false,
    "ridable": false,
    "canControlForward": false,
    "canControlStrafe": false,
    "immuneToFire": false,
    "immuneToArrows": false,
    "immuneToFallDamage": true,
    "immuneToCactus": false,
    "immuneToDrowning": true,
    "immuneToLightning": false,
    "immuneToPotions": false,
    "immuneToPlayer": false,
    "immuneToExplosion": true,
    "immuneToTrident": false,
    "immuneToAnvil": false,
    "immuneToWither": false,
    "immuneToDragonBreath": false,
    "mobDrop": {
      "value": "CUSTOM:Soul"
    },
    "livingSound": {
      "value": "ambient.cave"
    },
    "hurtSound": {
      "value": "ambient.cave"
    },
    "deathSound": {
      "value": "ambient.cave"
    },
    "stepSound": {
      "value": "ambient.cave"
    },
    "spawnParticles": true,
    "particleToSpawn": {
      "value": "PORTAL"
    },
    "particleSpawningShape": "Spread",
    "particleSpawningRadious": 0.1,
    "particleAmount": 2,
    "hasAI": true,
    "aiBase": "(none)",
    "aixml": "<xml xmlns=\"https://developers.google.com/blockly/xml\"><block type=\"aitasks_container\" deletable=\"false\" x=\"40\" y=\"40\"><next><block type=\"attack_on_collide\"><field name=\"speed\">1.2</field><field name=\"longmemory\">FALSE</field><field name=\"condition\">null,null</field><next><block type=\"wander\"><field name=\"speed\">1</field><field name=\"condition\">null,null</field><next><block type=\"attack_action\"><field name=\"callhelp\">FALSE</field><field name=\"condition\">null,null</field><next><block type=\"look_around\"><field name=\"condition\">null,null</field><next><block type=\"swim_in_water\"><field name=\"condition\">null,null</field></block></next></block></next></block></next></block></next></block></next></block></xml>",
    "breedable": false,
    "tameable": false,
    "breedTriggerItems": [],
    "ranged": false,
    "rangedAttackItem": {
      "value": ""
    },
    "rangedItemType": "Default item",
    "spawnThisMob": false,
    "doesDespawnWhenIdle": true,
    "spawningProbability": 20,
    "mobSpawningType": "monster",
    "minNumberOfMobsPerGroup": 1,
    "maxNumberOfMobsPerGroup": 1,
    "restrictionBiomes": [
      {
        "value": "end_barrens"
      },
      {
        "value": "end_highlands"
      },
      {
        "value": "end_midlands"
      }
    ],
    "spawnInDungeons": false
  }
}