{
  "_fv": 24,
  "_type": "tool",
  "definition": {
    "renderType": 0,
    "texture": "ancientadamantineblade",
    "customModelName": "Normal",
    "name": "Ancient Adamantine Sword",
    "specialInfo": [
      "A blade forged with the souls of the dead",
      "Its power knows no rival."
    ],
    "creativeTab": {
      "value": "CUSTOM:Mods"
    },
    "toolType": "Pickaxe",
    "harvestLevel": 100000,
    "efficiency": 100000.0,
    "attackSpeed": 100.0,
    "enchantability": 100000,
    "damageVsEntity": 100000.0,
    "usageCount": 100000,
    "blocksAffected": [],
    "hasGlow": false,
    "repairItems": [
      {
        "value": "CUSTOM:Adamantine_IngotIngot"
      }
    ],
    "immuneToFire": true,
    "stayInGridWhenCrafting": false,
    "damageOnCrafting": false,
    "onEntityHitWith": {
      "name": "AncientAdamantineSwordLivingEntityIsHitWithTool"
    }
  }
}