{
  "_fv": 24,
  "_type": "recipe",
  "definition": {
    "recipeType": "Crafting",
    "xpReward": 0.0,
    "cookingTime": 200,
    "recipeRetstackSize": 1,
    "group": "",
    "recipeShapeless": false,
    "recipeSlots": [
      {
        "value": "CUSTOM:Adamantine_IngotBlock"
      },
      {
        "value": "CUSTOM:Soul"
      },
      {
        "value": "CUSTOM:Adamantine_IngotBlock"
      },
      {
        "value": "CUSTOM:Soul"
      },
      {
        "value": "CUSTOM:AdamantineSword"
      },
      {
        "value": "CUSTOM:Soul"
      },
      {
        "value": "CUSTOM:Adamantine_IngotBlock"
      },
      {
        "value": "CUSTOM:Soul"
      },
      {
        "value": "CUSTOM:Adamantine_IngotBlock"
      }
    ],
    "recipeReturnStack": {
      "value": "CUSTOM:AncientAdamantineSword"
    },
    "name": "ancient_adamantine_sword_recipe",
    "namespace": "mod"
  }
}