{
  "_fv": 24,
  "_type": "potion",
  "definition": {
    "potionName": "Beserker Potion",
    "splashName": "Splash Potion of Beserk",
    "lingeringName": "Lingering Potion of Beserk",
    "arrowName": "Arrow of Beserk",
    "effects": [
      {
        "effect": {
          "value": "STRENGTH"
        },
        "duration": 600,
        "amplifier": 10,
        "ambient": false,
        "showParticles": true
      },
      {
        "effect": {
          "value": "POISON"
        },
        "duration": 600,
        "amplifier": 50,
        "ambient": false,
        "showParticles": true
      },
      {
        "effect": {
          "value": "SPEED"
        },
        "duration": 600,
        "amplifier": 3,
        "ambient": false,
        "showParticles": true
      }
    ]
  }
}