{
  "_fv": 24,
  "_type": "dimension",
  "definition": {
    "biomesInDimension": [
      {
        "value": "CUSTOM:AdamantinePlains2"
      }
    ],
    "worldGenType": "Normal world gen",
    "mainFillerBlock": {
      "value": "CUSTOM:CursedGrass"
    },
    "fluidBlock": {
      "value": "CUSTOM:Cursewater"
    },
    "canRespawnHere": false,
    "hasFog": false,
    "isDark": false,
    "doesWaterVaporize": true,
    "sleepResult": "DENY",
    "hasSkyLight": true,
    "imitateOverworldBehaviour": false,
    "portalFrame": {
      "value": "CUSTOM:Adamantine_IngotBlock"
    },
    "portalParticles": {
      "value": "ENCHANTMENT_TABLE"
    },
    "portalLuminance": 0,
    "portalSound": {
      "value": "block.portal.ambient"
    },
    "igniterName": "Cursed Fields Portal Igniter",
    "igniterTab": {
      "value": "CUSTOM:Mods"
    },
    "texture": "ancientadamantineblade",
    "portalTexture": "k",
    "enablePortal": true
  }
}