{
  "_fv": 24,
  "_type": "rangeditem",
  "definition": {
    "renderType": 0,
    "texture": "a",
    "customModelName": "Normal",
    "name": "Dissasembler",
    "specialInfo": [],
    "creativeTab": {
      "value": "CUSTOM:Mods"
    },
    "stackSize": 1,
    "ammoItem": {
      "value": "CUSTOM:Bullet"
    },
    "shootConstantly": false,
    "usageCount": 150,
    "actionSound": {
      "value": "ambient.cave"
    },
    "hasGlow": false,
    "animation": "bow",
    "enableMeleeDamage": false,
    "damageVsEntity": 0.0,
    "bulletPower": 15.0,
    "bulletDamage": 30.0,
    "bulletKnockback": 20,
    "bulletParticles": true,
    "bulletIgnitesFire": false,
    "bulletItemTexture": {
      "value": "CUSTOM:Bullet"
    },
    "bulletModel": "Default",
    "customBulletModelTexture": ""
  }
}