{
  "_fv": 24,
  "_type": "rangeditem",
  "definition": {
    "renderType": 0,
    "texture": "magnum2",
    "customModelName": "Normal",
    "name": "Executioner",
    "specialInfo": [],
    "creativeTab": {
      "value": "CUSTOM:Mods"
    },
    "stackSize": 1,
    "ammoItem": {
      "value": "CUSTOM:Bullet"
    },
    "shootConstantly": true,
    "usageCount": 100000,
    "actionSound": {
      "value": "entity.arrow.shoot"
    },
    "hasGlow": false,
    "animation": "bow",
    "enableMeleeDamage": false,
    "damageVsEntity": 0.0,
    "bulletPower": 100.0,
    "bulletDamage": 10000.0,
    "bulletKnockback": 50,
    "bulletParticles": false,
    "bulletIgnitesFire": true,
    "bulletItemTexture": {
      "value": "CUSTOM:Bullet"
    },
    "bulletModel": "Default",
    "customBulletModelTexture": ""
  }
}