{
  "_fv": 24,
  "_type": "rangeditem",
  "definition": {
    "renderType": 0,
    "texture": "shotgun",
    "customModelName": "Normal",
    "name": "Shotgun",
    "specialInfo": [],
    "creativeTab": {
      "value": "CUSTOM:Mods"
    },
    "stackSize": 1,
    "ammoItem": {
      "value": "CUSTOM:Bullet"
    },
    "shootConstantly": false,
    "usageCount": 150,
    "actionSound": {
      "value": "ambient.cave"
    },
    "hasGlow": false,
    "animation": "bow",
    "enableMeleeDamage": false,
    "damageVsEntity": 0.0,
    "bulletPower": 10.0,
    "bulletDamage": 25.0,
    "bulletKnockback": 10,
    "bulletParticles": false,
    "bulletIgnitesFire": false,
    "bulletItemTexture": {
      "value": "CUSTOM:Bullet"
    },
    "bulletModel": "Default",
    "customBulletModelTexture": ""
  }
}