{
  "_fv": 24,
  "_type": "rangeditem",
  "definition": {
    "renderType": 0,
    "texture": "skullcrusher",
    "customModelName": "Normal",
    "name": "Skullcrusher",
    "specialInfo": [],
    "creativeTab": {
      "value": "CUSTOM:Mods"
    },
    "stackSize": 1,
    "ammoItem": {
      "value": "CUSTOM:Bullet"
    },
    "shootConstantly": true,
    "usageCount": 300,
    "actionSound": {
      "value": "entity.arrow.shoot"
    },
    "hasGlow": false,
    "animation": "bow",
    "enableMeleeDamage": false,
    "damageVsEntity": 0.0,
    "bulletPower": 2.0,
    "bulletDamage": 5.0,
    "bulletKnockback": 5,
    "bulletParticles": true,
    "bulletIgnitesFire": false,
    "bulletItemTexture": {
      "value": "CUSTOM:Bullet"
    },
    "bulletModel": "Default",
    "customBulletModelTexture": ""
  }
}