{
  "_fv": 24,
  "_type": "rangeditem",
  "definition": {
    "renderType": 0,
    "texture": "h",
    "customModelName": "Normal",
    "name": "Spear of The Night",
    "specialInfo": [],
    "creativeTab": {
      "value": "COMBAT"
    },
    "stackSize": 1,
    "ammoItem": {
      "value": ""
    },
    "shootConstantly": false,
    "usageCount": 100,
    "actionSound": {
      "value": "entity.arrow.shoot"
    },
    "hasGlow": false,
    "animation": "spear",
    "enableMeleeDamage": false,
    "damageVsEntity": 15.0,
    "bulletPower": 100.0,
    "bulletDamage": 100.0,
    "bulletKnockback": 3,
    "bulletParticles": false,
    "bulletIgnitesFire": false,
    "bulletItemTexture": {
      "value": "CUSTOM:Bullet"
    },
    "bulletModel": "Default",
    "customBulletModelTexture": ""
  }
}