{
  "type": "minecraft:crafting_shaped",
  "pattern": [
    " 1 ",
    "345",
    "678"
  ],
  "key": {
    "1": {
      "item": "minecraft:glowstone_dust"
    },
    "3": {
      "item": "minecraft:glowstone_dust"
    },
    "4": {
      "item": "minecraft:brown_dye"
    },
    "5": {
      "item": "minecraft:glowstone_dust"
    },
    "6": {
      "item": "minecraft:brown_dye"
    },
    "7": {
      "item": "minecraft:brown_dye"
    },
    "8": {
      "item": "minecraft:brown_dye"
    }
  },
  "result": {
    "item": "robbie:rawpoop",
    "count": 1
  }
}